,RMSE,MAE,R²,NLL,Coverage 90%
GP-Linear,0.028357848387423803,0.009134592793015857,0.9999774122449834,-4.322490210605181,1.0
DNN,0.7610589632317752,0.6488221713308511,0.9837309150611927,7.3863536553536475,0.14285714285714285
KAN,2.594541602907789,1.3779927103813472,0.8109190419856496,11.762145416307762,0.5
Hybrid,0.7326268695009073,0.6031259809055233,0.9849237891917079,16.222329044335385,0.07142857142857142
