,RMSE,MAE,R²,NLL,Coverage 90%
GP-Linear,0.014624618451446757,0.0050702774761999985,0.9999890169785106,-4.280019931489965,1.0
DNN,3.958544487926165,2.71350359916687,0.19531887769699097,1.969365119934082,1.0
KAN,4.1443082729692495,2.6792805194854736,0.11802387237548828,9.516852378845215,0.4166666666666667
Hybrid,6.331700198104901,4.69304895401001,-1.058701753616333,8.631266593933105,0.4166666666666667
