,RMSE,MAE,R²,NLL,Coverage 90%
GP-Linear,0.4922941420739653,0.38688496344955886,0.38839055848651216,7.441019696373629,0.6666666666666666
DNN,3.243176478097716,2.440923094106649,-25.543977960286586,,
KAN,1.1572336369505587,0.8433470332906084,-2.3796127691450164,,
