Scenario,Model,RMSE,MAE,R²,NLL,Coverage 90%
Forrester,GP-Linear,4.60072547050904,3.6074231447885956,-0.08693952901567381,4.28172916085627,1.0
Forrester,DNN,8.064082027441964,3.643030881881714,-2.339355230331421,,
Forrester,KAN,3.834529082071226,2.860037088394165,0.24494808912277222,,
Real (clean),GP-Linear,0.48586645286615854,0.37289822570889325,0.404257377864097,7.380396171034087,0.75
Real (clean),DNN,2.8350625143604224,1.9619342084865317,-19.28383758481529,,
Real (clean),KAN,1.178823816765191,1.003597061272379,-2.5068940755247326,,
