Scenario,Model,RMSE,MAE,R²,NLL,Coverage 90%
Forrester,GP-Linear,0.0032627616124024424,0.0019711270989691463,0.9999995143293613,-4.531905969406257,1.0
Forrester,DNN,0.5745036275755745,0.4957787990376043,0.9849423668763689,6.379781601407373,0.16666666666666666
Forrester,KAN,1.2652172974228537,0.7953662667617513,0.9269699828988122,4.185743827935672,0.5833333333333334
Forrester,Hybrid,0.6953155308558736,0.5614682038431056,0.9779435801036291,16.279015797353498,0.08333333333333333
Real (clean),GP-Linear,0.6045581683104851,0.48842700600928407,0.07763878700215632,1.422711546756975,0.8333333333333334
Real (clean),DNN,0.7221222740660224,0.5701829189831541,-0.3159710255411248,25.708823911136026,0.4166666666666667
Real (clean),KAN,0.8157687483482686,0.6215494080741367,-0.6794186527471131,1.7151312779122942,0.6666666666666666
Real (clean),Hybrid,0.8247926897793755,0.6366351537479655,-0.7167792329422007,16.571811985883482,0.25
