Scenario,Model,RMSE,MAE,R²,NLL,Coverage 90%
Forrester,GP-Linear,0.10344384531532615,0.07321180361744872,0.9998980614096401,-2.3433294803410822,1.0
Forrester,DNN,1.3510209249856737,1.114527702331543,0.9826118350028992,4.016739845275879,0.0
Forrester,KAN,2.05437603464498,1.8170523643493652,0.9597941637039185,9.992074966430664,0.0
Forrester,Hybrid,1.1723783810623016,0.917090892791748,0.9869062304496765,11.291397094726562,0.5
Real (clean),GP-Linear,0.3225970083017142,0.3147302947196611,-9.104309621630659,0.41076166737514375,1.0
Real (clean),DNN,0.6500138378719603,0.639845845261231,-40.02335536481998,247.28605164581236,0.0
Real (clean),KAN,0.4177416325615634,0.37642764762939507,-15.943436287767913,3.4845806343808245,0.5
Real (clean),Hybrid,0.4213622810773601,0.4165306063085943,-16.23841324255166,17.19177389458485,0.0
